"park","Network","metric","mean","lower95","upper95"
"ALPO","ERMN","stock_final",54.2386363636364,31.0133522727273,86.3426136363636
"BLUE","ERMN","stock_final",38.75,24.8975,54.85046875
"DEWA","ERMN","stock_final",53.1275,38.002398989899,70.4168449197861
"FONE","ERMN","stock_final",53.75,32.3184375,79.6353125
"FRHI","ERMN","stock_final",30.9375,17.208125,47.10125
"GARI","ERMN","stock_final",42.375,27.9907012195122,58.3561607142857
"JOFL","ERMN","stock_final",41.9166666666667,23.2833333333333,62.853125
"NERI","ERMN","stock_final",45.8186274509804,37.1147058823529,55.078431372549
"APCO","MIDN","stock_final",62.2184389420226,40.9564672804382,88.3376015411015
"BOWA","MIDN","stock_final",70.8519249788576,27.3122824841429,138.605959604654
"COLO","NCBN","stock_final",29.6431173691367,12.3503719349949,50.3173683655775
"FRSP","MIDN","stock_final",31.8137546088953,23.5437072417874,40.2957571852384
"GETT","MIDN","stock_final",164.012704357531,104.095009527173,226.653888473001
"GEWA","NCBN","stock_final",11.8298225312815,2.74889357189107,27.3769590644184
"HOFU","MIDN","stock_final",54.1006536447802,12.9557972037104,116.93909916225
"PETE","MIDN","stock_final",35.7742583974996,23.6246268744717,49.7210662103151
"RICH","MIDN","stock_final",31.027163242661,17.9543753057164,46.4875306888184
"SAHI","NCBN","stock_final",10.5305956083497,2.35619449019234,20.8189318610282
"THST","NCBN","stock_final",8.65891982949986,1.18786726116013,18.2276399925803
"VAFO","MIDN","stock_final",5.54076992264714,3.3341052967967,7.89975584600062
"ANTI","NCRN","stock_final",24.3308234391799,9.55267861947905,44.9301447152797
"CATO","NCRN","stock_final",10.0857897743099,5.32762778382206,15.6766691193384
"CHOH","NCRN","stock_final",6.58057823883567,4.37366129453016,9.04765785250112
"GWMP","NCRN","stock_final",26.4909864572194,7.73819027439485,50.0759543325425
"HAFE","NCRN","stock_final",3.43074808636803,1.25562116497884,5.85894018640876
"MANA","NCRN","stock_final",19.2219223659592,6.36423367796452,37.7736940811232
"MONO","NCRN","stock_final",41.1564812939118,3.426056009143,113.75660695255
"NACE","NCRN","stock_final",31.8482544263264,15.8562908096328,51.6998186192301
"PRWI","NCRN","stock_final",39.1518530373764,24.770320351273,58.0455113127818
"ROCR","NCRN","stock_final",29.620992539501,18.0255183072315,42.5852121477431
"WOTR","NCRN","stock_final",34.6226526299142,6.98131700797732,66.4611794356952
"ACAD","NETN","stock_final",65.9393939393939,54.2612215909091,77.6497159090909
"MABI","NETN","stock_final",79.1111111111111,41.03125,122.839930555556
"MIMA","NETN","stock_final",18.7166666666667,10.3829166666667,29.31875
"MORR","NETN","stock_final",49.3452380952381,8.30714285714286,117.438095238095
"ROVA","NETN","stock_final",19.6166666666667,12.443125,26.9085416666667
"SAGA","NETN","stock_final",27.7301587301587,13.984126984127,45.6039682539682
"SARA","NETN","stock_final",34.1770833333333,9.76848958333333,70.7307291666666
"WEFA","NETN","stock_final",10.5666666666667,5.3,16.5333333333333
"ALPO","ERMN","Sap_Dens_Total",0.0678021262746799,0.0370425616547335,0.10667534533883
"BLUE","ERMN","Sap_Dens_Total",0.0601630867143994,0.0412564638027048,0.0860307279236276
"DEWA","ERMN","Sap_Dens_Total",0.0654335719968178,0.0482439353720575,0.0854449775136785
"FONE","ERMN","Sap_Dens_Total",0.0596658711217184,0.0298080747812251,0.0914876690533015
"FRHI","ERMN","Sap_Dens_Total",0.0447494033412888,0.0208830548926014,0.0745823389021479
"GARI","ERMN","Sap_Dens_Total",0.118384664924044,0.0850962737132743,0.154506854637287
"JOFL","ERMN","Sap_Dens_Total",0.0662954123574649,0.0380784274728189,0.0945123972421109
"NERI","ERMN","Sap_Dens_Total",0.0914486717519148,0.0774096432526869,0.105302463069556
"APCO","MIDN","Sap_Dens_Total",0.185709232401839,0.133481142722388,0.241306197045497
"BOWA","MIDN","Sap_Dens_Total",0.154757693668199,0.12233227213772,0.187183115198679
"COLO","NCBN","Sap_Dens_Total",0.117659750079652,0.0869590850135598,0.150094971362771
"FRSP","MIDN","Sap_Dens_Total",0.110314458563486,0.0975001814009596,0.123352652535532
"GETT","MIDN","Sap_Dens_Total",0.176865935620799,0.120733332618724,0.238715417350012
"GEWA","NCBN","Sap_Dens_Total",0.0722202570451598,0.0382841056479189,0.110541209762999
"HOFU","MIDN","Sap_Dens_Total",0.0257929489446999,0.01252800377314,0.0390578941162599
"PETE","MIDN","Sap_Dens_Total",0.113602350956437,0.0920553182226334,0.137190144485864
"RICH","MIDN","Sap_Dens_Total",0.13743957080533,0.107943491333569,0.17097961620092
"SAHI","NCBN","Sap_Dens_Total",0.0412687183115198,0.023508430609598,0.0560075462799198
"THST","NCBN","Sap_Dens_Total",0.0663247258577997,0.0353731871241599,0.103208642848721
"VAFO","MIDN","Sap_Dens_Total",0.0328465309010056,0.0185182845688682,0.053070308420503
"ANTI","NCRN","Sap_Dens_Total",0.107026566170535,0.0544202878833229,0.17867994521691
"CATO","NCRN","Sap_Dens_Total",0.021175785489293,0.0146786694868963,0.0276729014916897
"CHOH","NCRN","Sap_Dens_Total",0.103604134732539,0.0786070824981331,0.128935267067563
"GWMP","NCRN","Sap_Dens_Total",0.0925598396415517,0.0583362810989271,0.124395708053296
"HAFE","NCRN","Sap_Dens_Total",0.0943284989977597,0.0500825374366231,0.143276146680816
"MANA","NCRN","Sap_Dens_Total",0.056874536160414,0.0270500842714164,0.101975349743718
"MONO","NCRN","Sap_Dens_Total",0.110049915497387,0.0251542663994026,0.260995165664427
"NACE","NCRN","Sap_Dens_Total",0.101452265849153,0.077612211610266,0.130929921785953
"PRWI","NCRN","Sap_Dens_Total",0.121163330609191,0.105710940072942,0.139461839649684
"ROCR","NCRN","Sap_Dens_Total",0.0868815122347787,0.0515083251106188,0.125993707296185
"WOTR","NCRN","Sap_Dens_Total",0.0530597806862399,0.0294776559367999,0.0845026136854933
"ACAD","NETN","Sap_Dens_Total",0.209734577276343,0.179291422579012,0.243639407198477
"MABI","NETN","Sap_Dens_Total",0.134800671793512,0.103862812693362,0.175682842747282
"MIMA","NETN","Sap_Dens_Total",0.102094935030496,0.084858127817555,0.125961283479183
"MORR","NETN","Sap_Dens_Total",0.0994431185361973,0.0795544948289578,0.136379133992499
"ROVA","NETN","Sap_Dens_Total",0.100106072659772,0.0901617608061523,0.11139286661363
"SAGA","NETN","Sap_Dens_Total",0.13385359447412,0.103547120253564,0.165454407697845
"SARA","NETN","Sap_Dens_Total",0.111044815698754,0.0870127287191726,0.150014087775126
"WEFA","NETN","Sap_Dens_Total",0.0822063113232564,0.0795544948289578,0.0875099443118537
"ALPO","ERMN","Seed_Dens_Total",0.55236132205106,0.389636218991828,0.753055615824113
"BLUE","ERMN","Seed_Dens_Total",1.87649164677804,1.20515115354018,2.68469073190135
"DEWA","ERMN","Seed_Dens_Total",1.15950676213206,0.866066494219008,1.49613257777413
"FONE","ERMN","Seed_Dens_Total",2.33691328560064,1.55327665075577,3.1434715592681
"FRHI","ERMN","Seed_Dens_Total",1.26988862370724,0.648344272076373,2.06647772474145
"GARI","ERMN","Seed_Dens_Total",0.942815471455089,0.687542618479373,1.24840263296305
"JOFL","ERMN","Seed_Dens_Total",1.51485017236807,0.682842747281888,2.80305290373906
"NERI","ERMN","Seed_Dens_Total",1.26975213315239,0.974908161355235,1.64373625345126
"APCO","MIDN","Seed_Dens_Total",1.25892857142857,0.773735119047619,1.85119047619048
"BOWA","MIDN","Seed_Dens_Total",3.28125,1.85390625,4.91692708333334
"COLO","NCBN","Seed_Dens_Total",1.36524822695035,0.818852504432624,2.16666666666667
"FRSP","MIDN","Seed_Dens_Total",0.957532051282052,0.709134615384616,1.25659054487179
"GETT","MIDN","Seed_Dens_Total",2.53787878787879,1.86609848484848,3.28087121212121
"GEWA","NCBN","Seed_Dens_Total",0.458333333333334,0.25,0.666666666666667
"HOFU","MIDN","Seed_Dens_Total",1.578125,0.656250000000001,2.875
"PETE","MIDN","Seed_Dens_Total",0.806089743589744,0.416666666666667,1.35592948717949
"RICH","MIDN","Seed_Dens_Total",0.5625,0.3306640625,0.838606770833333
"SAHI","NCBN","Seed_Dens_Total",0.458333333333333,0.0833333333333335,0.833333333333333
"THST","NCBN","Seed_Dens_Total",0.260416666666667,0.135416666666667,0.416666666666667
"VAFO","MIDN","Seed_Dens_Total",0.589285714285715,0.354092261904762,0.86904761904762
"ANTI","NCRN","Seed_Dens_Total",1.30769230769231,0.673076923076923,2.09647435897436
"CATO","NCRN","Seed_Dens_Total",0.753472222222222,0.406457270408163,1.17191840277778
"CHOH","NCRN","Seed_Dens_Total",0.588963963963964,0.458208333333333,0.736334150931753
"GWMP","NCRN","Seed_Dens_Total",0.795833333333334,0.4,1.22916666666667
"HAFE","NCRN","Seed_Dens_Total",0.666666666666667,0.449895833333333,0.904166666666666
"MANA","NCRN","Seed_Dens_Total",0.794117647058823,0.328431372549019,1.43639705882353
"MONO","NCRN","Seed_Dens_Total",0.444444444444444,0.199861111111111,0.727777777777779
"NACE","NCRN","Seed_Dens_Total",0.606382978723404,0.385355718085106,0.885945048309178
"PRWI","NCRN","Seed_Dens_Total",0.463793103448276,0.352298850574713,0.601163793103448
"ROCR","NCRN","Seed_Dens_Total",0.596491228070176,0.18859649122807,1.19747807017544
"WOTR","NCRN","Seed_Dens_Total",2.25,0.694444444444444,3.91875
"ACAD","NETN","Seed_Dens_Total",0.512584074636581,0.401301951495866,0.642236807212941
"MABI","NETN","Seed_Dens_Total",0.997745955979846,0.602128082736674,1.40002099354725
"MIMA","NETN","Seed_Dens_Total",0.343410236011668,0.21207902413153,0.497215592680986
"MORR","NETN","Seed_Dens_Total",0.55877561844149,0.285875288858582,0.878011705875668
"ROVA","NETN","Seed_Dens_Total",0.623839830283744,0.416981569875365,0.935461416070008
"SAGA","NETN","Seed_Dens_Total",0.218459168339837,0.118700357363842,0.32708893687414
"SARA","NETN","Seed_Dens_Total",1.05824051975603,0.678678566693185,1.57981967647839
"WEFA","NETN","Seed_Dens_Total",0.485282418456643,0.19351630867144,0.819543887562981
"ALPO","ERMN","Sap_Dens_NatCan",0.0117523685542779,0.00452014175164534,0.0199112244159977
"BLUE","ERMN","Sap_Dens_NatCan",0.0407716785998409,0.0288260739856802,0.0532020684168656
"DEWA","ERMN","Sap_Dens_NatCan",0.0550914876690533,0.0381655155372339,0.0737314184879108
"FONE","ERMN","Sap_Dens_NatCan",0.0328162291169451,0.0148916070007955,0.0537241447891805
"FRHI","ERMN","Sap_Dens_NatCan",0.0258552108194113,0.0119331742243437,0.0437798329355609
"GARI","ERMN","Sap_Dens_NatCan",0.0786074175095655,0.0531826084759155,0.10466734717637
"JOFL","ERMN","Sap_Dens_NatCan",0.0480641739591621,0.0281755502519226,0.0696101829753381
"NERI","ERMN","Sap_Dens_NatCan",0.0670753583851998,0.0547912084483754,0.078774548801223
"APCO","MIDN","Sap_Dens_NatCan",0.134333889197702,0.0938863341587078,0.179824228948743
"BOWA","MIDN","Sap_Dens_NatCan",0.0840113194198798,0.0544968164131588,0.117910623747199
"COLO","NCBN","Sap_Dens_NatCan",0.0353731871241599,0.0198190197362314,0.0566495919867024
"FRSP","MIDN","Sap_Dens_NatCan",0.0651909698602306,0.0547575802925998,0.0752842326285906
"GETT","MIDN","Sap_Dens_NatCan",0.107548781054264,0.0678879348847513,0.150791609051248
"GEWA","NCBN","Sap_Dens_NatCan",0.01179106237472,0,0.0338993043273199
"HOFU","MIDN","Sap_Dens_NatCan",0.01547576936682,0.00515858978893999,0.0280221966749204
"PETE","MIDN","Sap_Dens_NatCan",0.087979465411372,0.0700604518697904,0.107032234950523
"RICH","MIDN","Sap_Dens_NatCan",0.0714833156467398,0.0427426011083599,0.10059250088433
"SAHI","NCBN","Sap_Dens_NatCan",0.0206343591557599,0.00294776559368,0.0353731871241599
"THST","NCBN","Sap_Dens_NatCan",0.0280037731399599,0.01326494517156,0.0456903667020399
"VAFO","MIDN","Sap_Dens_NatCan",0.0227399060083885,0.0151494096046625,0.0307515117826402
"ANTI","NCRN","Sap_Dens_NatCan",0.0371871967202706,0.0217681151533292,0.0517219486091081
"CATO","NCRN","Sap_Dens_NatCan",0.0122723302267493,0.00818155348449957,0.0168443748210285
"CHOH","NCRN","Sap_Dens_NatCan",0.0259403372243839,0.0177652006445781,0.0369492591282474
"GWMP","NCRN","Sap_Dens_NatCan",0.0442164839051999,0.0253507841056479,0.0660299492984317
"HAFE","NCRN","Sap_Dens_NatCan",0.0253507841056479,0.0135449829029595,0.0389105058365759
"MANA","NCRN","Sap_Dens_NatCan",0.0430026980725081,0.0145654299923011,0.0873925799538068
"MONO","NCRN","Sap_Dens_NatCan",0.0919702865228159,0.0125574814290768,0.239751601619307
"NACE","NCRN","Sap_Dens_NatCan",0.0513402507565932,0.0341449514601266,0.0754136697716464
"PRWI","NCRN","Sap_Dens_NatCan",0.0940845459831104,0.0805004289507175,0.109862207205559
"ROCR","NCRN","Sap_Dens_NatCan",0.0682640453273261,0.0421995916568925,0.101170418086249
"WOTR","NCRN","Sap_Dens_NatCan",0.0393035412490665,0.0275124788743466,0.0510946036237865
"ACAD","NETN","Sap_Dens_NatCan",0.174025457438345,0.143431631349292,0.215478924085726
"MABI","NETN","Sap_Dens_NatCan",0.0574560240431362,0.027623088482277,0.0928135773004507
"MIMA","NETN","Sap_Dens_NatCan",0.0424290639087776,0.0145849907186423,0.0755767700875101
"MORR","NETN","Sap_Dens_NatCan",0.0265181649429859,0.00284123195817706,0.067266166609842
"ROVA","NETN","Sap_Dens_NatCan",0.037788385043755,0.0251922566958366,0.0503845133916733
"SAGA","NETN","Sap_Dens_NatCan",0.0883938831432865,0.0492480206084025,0.13132805495574
"SARA","NETN","Sap_Dens_NatCan",0.0381198621055423,0.0124303898170247,0.0762397242110846
"WEFA","NETN","Sap_Dens_NatCan",0.0212145319543887,0.0106072659771944,0.0344736144258817
"ALPO","ERMN","Seed_Dens_NatCan",0.368843566934259,0.244969082230419,0.516245389455414
"BLUE","ERMN","Seed_Dens_NatCan",1.40811455847255,0.890214797136038,2.05176014319809
"DEWA","ERMN","Seed_Dens_NatCan",0.962808273667462,0.662788385043755,1.24717867819001
"FONE","ERMN","Seed_Dens_NatCan",1.48965791567224,0.961515513126492,2.03766408114559
"FRHI","ERMN","Seed_Dens_NatCan",1.19232299124901,0.590642402545744,2.01180887032617
"GARI","ERMN","Seed_Dens_NatCan",0.682842747281888,0.437549721559268,0.939393328699261
"JOFL","ERMN","Seed_Dens_NatCan",1.34745425616547,0.455780959957571,2.63064339697693
"NERI","ERMN","Seed_Dens_NatCan",0.913316798477545,0.651040448000998,1.30062824652534
"APCO","MIDN","Seed_Dens_NatCan",0.857142857142857,0.529761904761905,1.24114583333333
"BOWA","MIDN","Seed_Dens_NatCan",2.15625,0.885416666666667,3.79244791666667
"COLO","NCBN","Seed_Dens_NatCan",0.641843971631207,0.195020685579196,1.27501734505088
"FRSP","MIDN","Seed_Dens_NatCan",0.720352564102564,0.471113782051282,0.990464743589744
"GETT","MIDN","Seed_Dens_NatCan",1.90909090909091,1.35334595959596,2.47733585858586
"GEWA","NCBN","Seed_Dens_NatCan",0.3125,0.15625,0.489583333333333
"HOFU","MIDN","Seed_Dens_NatCan",1.32291666666667,0.515625000000001,2.59908854166667
"PETE","MIDN","Seed_Dens_NatCan",0.753205128205128,0.357331730769231,1.33818108974359
"RICH","MIDN","Seed_Dens_NatCan",0.440104166666667,0.231705729166667,0.695572916666667
"SAHI","NCBN","Seed_Dens_NatCan",0.25,0,0.5
"THST","NCBN","Seed_Dens_NatCan",0.104166666666667,0.0208333333333333,0.229166666666667
"VAFO","MIDN","Seed_Dens_NatCan",0.330357142857143,0.208333333333333,0.470238095238095
"ANTI","NCRN","Seed_Dens_NatCan",0.75,0.320512820512821,1.23733974358974
"CATO","NCRN","Seed_Dens_NatCan",0.677083333333333,0.354133421985816,1.11707193515704
"CHOH","NCRN","Seed_Dens_NatCan",0.257882882882883,0.179054054054054,0.352782343987823
"GWMP","NCRN","Seed_Dens_NatCan",0.308333333333333,0.0791666666666667,0.633333333333333
"HAFE","NCRN","Seed_Dens_NatCan",0.0625,0.0166666666666667,0.120833333333333
"MANA","NCRN","Seed_Dens_NatCan",0.705882352941176,0.259681372549019,1.32352941176471
"MONO","NCRN","Seed_Dens_NatCan",0.316666666666667,0.133333333333333,0.555555555555556
"NACE","NCRN","Seed_Dens_NatCan",0.457446808510638,0.25,0.741223404255319
"PRWI","NCRN","Seed_Dens_NatCan",0.292528735632184,0.201724137931035,0.388520114942529
"ROCR","NCRN","Seed_Dens_NatCan",0.557017543859649,0.122697368421053,1.15811403508772
"WOTR","NCRN","Seed_Dens_NatCan",2.02777777777778,0.582986111111112,3.59722222222222
"ACAD","NETN","Seed_Dens_NatCan",0.465273257636026,0.354978032111087,0.593042597815867
"MABI","NETN","Seed_Dens_NatCan",0.759082471492973,0.385535445947141,1.18779280473791
"MIMA","NETN","Seed_Dens_NatCan",0.306284805091488,0.178898170246619,0.454819676478387
"MORR","NETN","Seed_Dens_NatCan",0.485850664848279,0.236745652915104,0.78732905254385
"ROVA","NETN","Seed_Dens_NatCan",0.395783611774066,0.265778308141077,0.550251922566959
"SAGA","NETN","Seed_Dens_NatCan",0.159108989657916,0.0896250836584966,0.231213142907654
"SARA","NETN","Seed_Dens_NatCan",0.742508618403607,0.435042926279502,1.18436754176611
"WEFA","NETN","Seed_Dens_NatCan",0.461416070007955,0.204057279236277,0.753182179793158
"ALPO","ERMN","Sor_sap",0.144349337531156,0.0773702938475666,0.21831013052604
"BLUE","ERMN","Sor_sap",0.188426850926851,0.134785526973027,0.242787844100344
"DEWA","ERMN","Sor_sap",0.198688233335292,0.15863470051438,0.240755989400653
"FONE","ERMN","Sor_sap",0.0965909090909091,0.03,0.170698863636364
"FRHI","ERMN","Sor_sap",0.138809523809524,0.0708184523809523,0.21214880952381
"GARI","ERMN","Sor_sap",0.276980049984252,0.218154079264654,0.337820220560792
"JOFL","ERMN","Sor_sap",0.278775853775854,0.180588474025974,0.380915404040404
"NERI","ERMN","Sor_sap",0.265802650104235,0.232775535888698,0.297309711860056
"APCO","MIDN","Sor_sap",0.403851126580368,0.330615901294095,0.476145964617544
"BOWA","MIDN","Sor_sap",0.486600525377615,0.357572767145135,0.603676060136973
"COLO","NCBN","Sor_sap",0.319053759479291,0.263151761248503,0.36941449464887
"FRSP","MIDN","Sor_sap",0.349298724779494,0.315730260658145,0.381914052827514
"GETT","MIDN","Sor_sap",0.274357040266131,0.206716128988856,0.341872372156463
"GEWA","NCBN","Sor_sap",0.295039682539682,0.198774801587302,0.37797619047619
"HOFU","MIDN","Sor_sap",0.173065476190476,0.0606584821428572,0.320159970238095
"PETE","MIDN","Sor_sap",0.430095972403665,0.387609649965419,0.472342748063902
"RICH","MIDN","Sor_sap",0.387017496392496,0.316253858988234,0.461749196983572
"SAHI","NCBN","Sor_sap",0.245039682539683,0.0714285714285715,0.395833333333333
"THST","NCBN","Sor_sap",0.363320707070707,0.227548926767677,0.510424558080808
"VAFO","MIDN","Sor_sap",0.288463718820862,0.196824688208617,0.377948554421769
"ANTI","NCRN","Sor_sap",0.284493284493284,0.174932844932845,0.390616605616605
"CATO","NCRN","Sor_sap",0.164037209955577,0.118291405306711,0.212741544170116
"CHOH","NCRN","Sor_sap",0.271785247432306,0.220227724018901,0.322598755057579
"GWMP","NCRN","Sor_sap",0.291267066267066,0.208291833166833,0.369367299367299
"HAFE","NCRN","Sor_sap",0.203993228993229,0.125612665112665,0.28646207958708
"MANA","NCRN","Sor_sap",0.250177926648515,0.144351032953974,0.365167920314979
"MONO","NCRN","Sor_sap",0.251024531024531,0.132919191919192,0.368321789321789
"NACE","NCRN","Sor_sap",0.306125471750472,0.250918884356384,0.354403932294557
"PRWI","NCRN","Sor_sap",0.383252711903828,0.356274376992176,0.409498920872907
"ROCR","NCRN","Sor_sap",0.30280479754164,0.211274266669004,0.388889107968055
"WOTR","NCRN","Sor_sap",0.390079365079365,0.303551587301587,0.482172619047619
"ACAD","NETN","Sor_sap",0.382040781188508,0.348732772120556,0.416536407090384
"MABI","NETN","Sor_sap",0.191369047619048,0.10624255952381,0.280379464285714
"MIMA","NETN","Sor_sap",0.180119047619048,0.0809315476190476,0.286205357142857
"MORR","NETN","Sor_sap",0.0621031746031746,0.0198412698412698,0.111314484126984
"ROVA","NETN","Sor_sap",0.228753607503607,0.174421130952381,0.284992694805195
"SAGA","NETN","Sor_sap",0.260808767951625,0.178149092970522,0.349203514739229
"SARA","NETN","Sor_sap",0.11860119047619,0.0614285714285714,0.181566220238095
"WEFA","NETN","Sor_sap",0.103571428571429,0.025,0.182142857142857
"ALPO","ERMN","Hor_sap",0.565050024776412,0.364577025048092,0.746136661686623
"BLUE","ERMN","Hor_sap",0.575017412486422,0.461210991896107,0.683928738414537
"DEWA","ERMN","Hor_sap",0.353395029177628,0.279820241990171,0.421730076986274
"FONE","ERMN","Hor_sap",0.561683956533745,0.369936305109387,0.753209810763432
"FRHI","ERMN","Hor_sap",0.368861658030468,0.202740333239511,0.548143512691558
"GARI","ERMN","Hor_sap",0.517710009831722,0.422197067766525,0.605858206548427
"JOFL","ERMN","Hor_sap",0.459246810263358,0.265105545090036,0.642501883445459
"NERI","ERMN","Hor_sap",0.581076189728407,0.524923842892945,0.636101808329763
"APCO","MIDN","Hor_sap",0.661349863825356,0.560692112356793,0.762047978439396
"BOWA","MIDN","Hor_sap",0.589652153451746,0.42458914137466,0.743990828863679
"COLO","NCBN","Hor_sap",0.526170285566829,0.440207614148548,0.612736377507959
"FRSP","MIDN","Hor_sap",0.680288949135934,0.628953214668597,0.732351012093158
"GETT","MIDN","Hor_sap",0.676235117862217,0.569343534384985,0.778861360149854
"GEWA","NCBN","Hor_sap",0.541418259560019,0.281301902562643,0.811492477949442
"HOFU","MIDN","Hor_sap",0.401817600912836,0.185313780355356,0.618253606527366
"PETE","MIDN","Hor_sap",0.624561995543017,0.554222731817129,0.693996199353803
"RICH","MIDN","Hor_sap",0.657523800466382,0.574376038878956,0.740238104235855
"SAHI","NCBN","Hor_sap",0.662842558733164,0.37424788008033,0.914012738853503
"THST","NCBN","Hor_sap",0.640351316902732,0.443053136130616,0.822747653079324
"VAFO","MIDN","Hor_sap",0.476351587360493,0.349808106699547,0.606212416265965
"ANTI","NCRN","Hor_sap",0.576282488692645,0.380862217943988,0.762999151367737
"CATO","NCRN","Hor_sap",0.408810202953272,0.297710819112425,0.513779268384196
"CHOH","NCRN","Hor_sap",0.596595562634183,0.513733050992332,0.686577712464286
"GWMP","NCRN","Hor_sap",0.548878504404458,0.383285632664166,0.712556999390322
"HAFE","NCRN","Hor_sap",0.7034659794879,0.556651128053186,0.82499750366985
"MANA","NCRN","Hor_sap",0.609127685332685,0.43421588866401,0.776901854243708
"MONO","NCRN","Hor_sap",0.408642385080454,0.225499087198767,0.614656862714235
"NACE","NCRN","Hor_sap",0.618413651156273,0.53639594856155,0.701668438314005
"PRWI","NCRN","Hor_sap",0.542439580423879,0.502759786670474,0.586849546563565
"ROCR","NCRN","Hor_sap",0.61721093187961,0.494224953183738,0.742225089793463
"WOTR","NCRN","Hor_sap",0.560643929489667,0.392858308408913,0.749769061616264
"ACAD","NETN","Hor_sap",0.521319170913085,0.467537130117771,0.573986971805332
"MABI","NETN","Hor_sap",0.842979302225974,0.741700714572824,0.923378257551523
"MIMA","NETN","Hor_sap",0.856040227706604,0.748889239065922,0.95269246719743
"MORR","NETN","Hor_sap",0.910348099879476,0.835374664631682,0.975304768888568
"ROVA","NETN","Hor_sap",0.698713489315584,0.60961743113858,0.788700438095103
"SAGA","NETN","Hor_sap",0.762349147988321,0.653720052909416,0.853631528607963
"SARA","NETN","Hor_sap",0.861075016635706,0.758297505073314,0.950165632883473
"WEFA","NETN","Hor_sap",0.916574298702319,0.819699271687621,0.988679245283019
"ALPO","ERMN","Sor_seed",0.260477527522982,0.19785220776698,0.331249984232939
"BLUE","ERMN","Sor_seed",0.302576409956187,0.249472041798999,0.352777629088286
"DEWA","ERMN","Sor_seed",0.379401414771047,0.334958057765456,0.42499622544002
"FONE","ERMN","Sor_seed",0.356878958076966,0.28417767030161,0.433163166868578
"FRHI","ERMN","Sor_seed",0.315822372072372,0.228283685064935,0.406128458347208
"GARI","ERMN","Sor_seed",0.358420528728828,0.296743156687588,0.421741727605367
"JOFL","ERMN","Sor_seed",0.337378307966543,0.231936388774624,0.429850084555967
"NERI","ERMN","Sor_seed",0.430904423362151,0.398054061557756,0.465922023665997
"APCO","MIDN","Sor_seed",0.199880663220999,0.146150233694877,0.254118659118659
"BOWA","MIDN","Sor_seed",0.254043810506659,0.146848739495798,0.353207543982505
"COLO","NCBN","Sor_seed",0.219804427251236,0.166858830996132,0.278486560741996
"FRSP","MIDN","Sor_seed",0.246687836421999,0.211009914074111,0.283211645380763
"GETT","MIDN","Sor_seed",0.190269662996936,0.146863199931382,0.233923723582815
"GEWA","NCBN","Sor_seed",0.196527777777778,0.0777777777777778,0.321527777777778
"HOFU","MIDN","Sor_seed",0.303933566433566,0.175827505827506,0.42352509469697
"PETE","MIDN","Sor_seed",0.250750531519762,0.199967935376589,0.302504978995364
"RICH","MIDN","Sor_seed",0.234799228549228,0.163626794212732,0.309590934239372
"SAHI","NCBN","Sor_seed",0.145833333333333,0,0.291666666666667
"THST","NCBN","Sor_seed",0.143055555555555,0.0277777777777777,0.268055555555555
"VAFO","MIDN","Sor_seed",0.175161346589918,0.108285637973138,0.248556329583115
"ANTI","NCRN","Sor_seed",0.35959382497844,0.226177519062134,0.489167082917083
"CATO","NCRN","Sor_seed",0.192373945498946,0.136889725920338,0.248135993057868
"CHOH","NCRN","Sor_seed",0.236018486018486,0.181108283608284,0.297351585485147
"GWMP","NCRN","Sor_seed",0.136268037518038,0.0639207702020202,0.21784623015873
"HAFE","NCRN","Sor_seed",0.143092740592741,0.0755555555555555,0.220674152236652
"MANA","NCRN","Sor_seed",0.115948963317384,0.0326797385620915,0.21075053945023
"MONO","NCRN","Sor_seed",0.226009393656452,0.134025974025974,0.310556015335427
"NACE","NCRN","Sor_seed",0.24979624394518,0.193198115142098,0.302992928719831
"PRWI","NCRN","Sor_seed",0.192670201108335,0.164553472108239,0.219725701951868
"ROCR","NCRN","Sor_seed",0.19668460194776,0.11415365336418,0.277891684339053
"WOTR","NCRN","Sor_seed",0.418290043290043,0.20654310966811,0.588305675805676
"ACAD","NETN","Sor_seed",0.398170831693559,0.358928345959596,0.441545876787354
"MABI","NETN","Sor_seed",0.327472643097643,0.22235585016835,0.425378261784512
"MIMA","NETN","Sor_seed",0.2622446997447,0.158249007936508,0.360516906704407
"MORR","NETN","Sor_seed",0.25777417027417,0.170813492063492,0.35678345959596
"ROVA","NETN","Sor_seed",0.337499298946667,0.28695704624323,0.388281325947444
"SAGA","NETN","Sor_seed",0.224780114065828,0.158269987287844,0.298171725761012
"SARA","NETN","Sor_seed",0.306474428349428,0.245381992139805,0.365144493093712
"WEFA","NETN","Sor_seed",0.315850815850816,0.185012626262626,0.424072455322455
"ALPO","ERMN","Hor_seed",0.784049062553866,0.685677565031044,0.872584519424495
"BLUE","ERMN","Hor_seed",0.818099813131066,0.746834099356736,0.882459263973901
"DEWA","ERMN","Hor_seed",0.620265824748035,0.558423406872829,0.680518287761373
"FONE","ERMN","Hor_seed",0.71853166299281,0.604871433534706,0.830433939178747
"FRHI","ERMN","Hor_seed",0.713910461778662,0.568908803796798,0.840605772697593
"GARI","ERMN","Hor_seed",0.620781787030265,0.519547773030197,0.712511925620167
"JOFL","ERMN","Hor_seed",0.83537555546388,0.741268816986084,0.920692644969712
"NERI","ERMN","Hor_seed",0.703558918895992,0.660585318174644,0.745699296388148
"APCO","MIDN","Hor_seed",0.779636559074217,0.670461954749271,0.86621082151484
"BOWA","MIDN","Hor_seed",0.801264062782827,0.656807125917365,0.920315099150183
"COLO","NCBN","Hor_seed",0.660853492132221,0.563677490303768,0.755141536992707
"FRSP","MIDN","Hor_seed",0.672629380733862,0.608247215178258,0.72842698079695
"GETT","MIDN","Hor_seed",0.807141217525685,0.724112582408454,0.880265166507671
"GEWA","NCBN","Hor_seed",0.613913624474029,0.289213982882228,0.897486013609387
"HOFU","MIDN","Hor_seed",0.566496826766,0.368175045868384,0.741836440173474
"PETE","MIDN","Hor_seed",0.617913235659726,0.525791783189543,0.709687422936609
"RICH","MIDN","Hor_seed",0.589773452405141,0.472533616552418,0.717937272750052
"SAHI","NCBN","Hor_seed",0.61037255716141,0.188456625172925,0.921480650588895
"THST","NCBN","Hor_seed",0.661256238116764,0.378754241399076,0.896558332027867
"VAFO","MIDN","Hor_seed",0.674097452971177,0.534208078119604,0.803151247168208
"ANTI","NCRN","Hor_seed",0.64434655742068,0.486527305998408,0.78576047655578
"CATO","NCRN","Hor_seed",0.642760845982503,0.531977351735007,0.741107836940248
"CHOH","NCRN","Hor_seed",0.672794968380623,0.58564507292887,0.75184869787218
"GWMP","NCRN","Hor_seed",0.556445497204797,0.357517166445078,0.754570518876887
"HAFE","NCRN","Hor_seed",0.794317520303619,0.646914849718998,0.918299388815215
"MANA","NCRN","Hor_seed",0.732001767614656,0.532674638092934,0.909091024343285
"MONO","NCRN","Hor_seed",0.572010029223847,0.379990194278998,0.734443066802363
"NACE","NCRN","Hor_seed",0.652402981973065,0.557661040505747,0.740750643454393
"PRWI","NCRN","Hor_seed",0.575797004057304,0.510746288995601,0.636860390363723
"ROCR","NCRN","Hor_seed",0.627546736674234,0.453433006039729,0.781924334975023
"WOTR","NCRN","Hor_seed",0.611695151146921,0.298183765141937,0.911257113321342
"ACAD","NETN","Hor_seed",0.440216968436647,0.3838903813145,0.495293383683817
"MABI","NETN","Hor_seed",0.676148391412535,0.550946533240173,0.794188496569458
"MIMA","NETN","Hor_seed",0.703269136890373,0.555997109947676,0.847608546416576
"MORR","NETN","Hor_seed",0.503263085182871,0.367181886001587,0.634024329594507
"ROVA","NETN","Hor_seed",0.626929150779183,0.521594731895051,0.724812785875827
"SAGA","NETN","Hor_seed",0.545778248796587,0.401888073205789,0.681227472112841
"SARA","NETN","Hor_seed",0.680659563063216,0.578691932364553,0.774138178179827
"WEFA","NETN","Hor_seed",0.817597960460483,0.709595088067906,0.917138034161598
